User ID,comment,cleaned_comment,sentiment,toxic,severe_toxic,obscene,threat,insult,identity_hate,is_toxic
UChly-TxQEt3ZLR3JMqu8Vzw,I bet most of us watching have seen all these.,i bet most of us watching have seen all these,Neutral,0.0009563991916365921,0.00010380500316387042,0.0001699109561741352,0.00011224256013520062,0.0001774061529431492,0.00014387123519554734,False
UC3Isx2LZ9WwJzWmXmVPHYCg,:alien::alien_monster:,alienalien_monster,Negative,0.012521691620349884,0.00011551008356036618,0.000507722666952759,0.00018344001728110015,0.0004596808576025069,0.0002855320926755667,False
UChly-TxQEt3ZLR3JMqu8Vzw,love rewatch.,love rewatch,Positive,0.0008999642450362444,0.00010526381811359897,0.00017849089636001736,0.00010995109187206253,0.00017404243408236653,0.00013936817413195968,False
UChly-TxQEt3ZLR3JMqu8Vzw,this one been on a lot,this one been on a lot,Positive,0.001755119883455336,0.00011011980677722022,0.00034297711681574583,8.329007687279955e-05,0.0002144910249626264,0.00013071519788354635,False
UCntsQOTETk9isNczINzmTUw,every episode :grinning_face_with_sweat:except I still gotta watch the one that premiered tonight,every episode grinning_face_with_sweatexcept i still gotta watch the one that premiered tonight,Positive,0.012493517249822617,0.00010096777259605005,0.0007357947179116309,0.00015427170728798956,0.0005229293601587415,0.00019181609968654811,False
UChly-TxQEt3ZLR3JMqu8Vzw,tonight's was good :shushing_face::sign_of_the_horns::thumbs_up:,tonights was good shushing_facesign_of_the_hornsthumbs_up,Positive,0.20702175796031952,0.00044973325566388667,0.020647425204515457,0.0003480759041849524,0.017554279416799545,0.0007188366143964231,False
UCoIlHey85exj_oSz4HEif8g,I'm passing away,im passing away,Negative,0.007826393470168114,9.988039528252557e-05,0.00035181117709726095,0.00019849586533382535,0.0003979353350587189,0.00021037875558249652,False
UCvCPYLMKjRQRiWYJSrWL3QA,the new episode is great!,the new episode is great,Positive,0.0006760783144272864,0.00011583834566408768,0.00018052785890176892,0.00011743186769308522,0.0001765569904819131,0.0001358181907562539,False
UC_MxKIrUGiZ7hN6pP-zj9fQ,yes but unique side chat every time about the video. Is always new. ,yes but unique side chat every time about the video is always new,Positive,0.0006103793857619166,0.00012058856373187155,0.0001852095010690391,0.00012561881158035249,0.00017068779561668634,0.00013519231288228184,False
UCntsQOTETk9isNczINzmTUw,that's a fair way to look at it,thats a fair way to look at it,Neutral,0.0006471447413787246,0.0001203119900310412,0.00018373919010628015,0.00012368235911708325,0.0001762663305271417,0.00013876282901037484,False
UChly-TxQEt3ZLR3JMqu8Vzw,"this is a classic , I guess thats why ..its a important historic one isnt it.",this is a classic  i guess thats why its a important historic one isnt it,Positive,0.000718036899343133,0.00011179551802342758,0.00017751817358657718,0.00011808663111878559,0.00017508238670416176,0.00013379150186665356,False
UC_MxKIrUGiZ7hN6pP-zj9fQ,"Heck, i think like an ai mod for the chat would be interesting - it could learn to propagate solutions i'de bet. ",heck i think like an ai mod for the chat would be interesting  it could learn to propagate solutions ide bet,Neutral,0.0047606914304196835,8.936689118854702e-05,0.0003922666364815086,0.00011639596050372347,0.0003221648803446442,0.00015876513498369604,False
UChly-TxQEt3ZLR3JMqu8Vzw,theres supposed to be loads on chat already ..he did a video on that too...the dead internet,theres supposed to be loads on chat already he did a video on that toothe dead internet,Negative,0.11018707603216171,0.0002596360573079437,0.008183709345757961,0.0003483306791167706,0.006088812369853258,0.0005580952274613082,False
UC6knUHkPp_ATtNUWYpE4_Pg,what ?,what,Positive,0.0011035263305529952,0.00011502799316076562,0.0002089775080094114,9.976826549973339e-05,0.0001953648607013747,0.00015284717665053904,False
UCrKGYOGN6ovMuPd9H26GZ4Q,yeah thats a good story',yeah thats a good story,Neutral,0.0006313767516985536,0.0001206700035254471,0.00019010818505194038,0.00012357838568277657,0.00017100512923207134,0.00013404562196228653,False
UChly-TxQEt3ZLR3JMqu8Vzw,guess u seen those things about if u suspect one..u tell it to reset and then a order like say a poem and it does it...how much truth to it I dont know :grinning_face_with_big_eyes:,guess u seen those things about if u suspect oneu tell it to reset and then a order like say a poem and it does ithow much truth to it i dont know grinning_face_with_big_eyes,Neutral,0.0033518821001052856,8.201921446016058e-05,0.00023924415290821344,0.00011535719386301935,0.0002913189528044313,0.0001706731563899666,False
UChly-TxQEt3ZLR3JMqu8Vzw,RESET...REFRESH...SAY 1-10,resetrefreshsay 110,Positive,0.0020455692429095507,9.169899567496032e-05,0.00021338503574952483,9.998951281886548e-05,0.0002115859679179266,0.00017473883053753525,False
UChly-TxQEt3ZLR3JMqu8Vzw,:rolling_on_the_floor_laughing::rolling_on_the_floor_laughing::rolling_on_the_floor_laughing:,rolling_on_the_floor_laughingrolling_on_the_floor_laughingrolling_on_the_floor_laughing,Negative,0.006434489041566849,9.941640746546909e-05,0.0004880682972725481,0.0001350191596429795,0.00032495343475602567,0.00015621559577994049,False
UChly-TxQEt3ZLR3JMqu8Vzw,"art , have u seen the one on the dead interst theory (the video called)",art  have u seen the one on the dead interst theory the video called,Positive,0.0016555017791688442,9.253030293621123e-05,0.00021509621001314372,9.654928726376966e-05,0.00019543342932593077,0.0001462125073885545,False
UChly-TxQEt3ZLR3JMqu8Vzw,dead Internet theory...sorry predictive text mistake there.,dead internet theorysorry predictive text mistake there,Negative,0.0013331864029169083,9.267582936445251e-05,0.00019608746515586972,0.00010426809603814036,0.00020996335661038756,0.00013676613161806017,False
UChly-TxQEt3ZLR3JMqu8Vzw,worth a watch if not...very interesting...creepy.,worth a watch if notvery interestingcreepy,Neutral,0.001692438730970025,9.560983016854152e-05,0.00022802090097684413,9.771372424438596e-05,0.00019827285723295063,0.0001457416219636798,False
UCntsQOTETk9isNczINzmTUw,"seen that one, definitely makes sense",seen that one definitely makes sense,Positive,0.0006077390280552208,0.00012267423153389245,0.00018941737653221935,0.00011564520536921918,0.00017682825273368508,0.00013897284225095063,False
UChly-TxQEt3ZLR3JMqu8Vzw,if it comes on next we will all be like :shaking_face::face_with_peeking_eye::face_with_peeking_eye:,if it comes on next we will all be like shaking_faceface_with_peeking_eyeface_with_peeking_eye,Negative,0.0029315559659153223,9.044540638569742e-05,0.00022521140635944903,0.0001547664578538388,0.00025720891426317394,0.00016725579916965216,False
UCrKGYOGN6ovMuPd9H26GZ4Q,Lol @ Sol,lol  sol,Neutral,0.005438155960291624,0.00010629762255121022,0.00036108162021264434,9.254027099814266e-05,0.00034632952883839607,0.00019529314886312932,False
UCntsQOTETk9isNczINzmTUw,:grinning_face_with_sweat: yt reading minds for episode suggestions :grinning_squinting_face:,grinning_face_with_sweat yt reading minds for episode suggestions grinning_squinting_face,Negative,0.010676322504878044,9.097999281948432e-05,0.0004879375919699669,0.00013613728515338153,0.0004924885579384863,0.0001973915786948055,False
UChly-TxQEt3ZLR3JMqu8Vzw,if we in a simulation that should be next too...:winking_face::winking_face::zipper_mouth_face:,if we in a simulation that should be next toowinking_facewinking_facezipper_mouth_face,Neutral,0.12072643637657166,0.00029251736123114824,0.005764647386968136,0.0008598562562838197,0.0022680298425257206,0.0004836309817619622,False
UCntsQOTETk9isNczINzmTUw,if bigfoot is real it's a cryptic ep next,if bigfoot is real its a cryptic ep next,Neutral,0.001098041539080441,9.929248335538432e-05,0.0001790535607142374,0.0001088987773982808,0.000178179529029876,0.00014637529966421425,False
UCntsQOTETk9isNczINzmTUw,cryptid*,cryptid,Neutral,0.0012993792770430446,9.734720515552908e-05,0.0001955922634806484,0.00010634832142386585,0.00018633303989190608,0.00015015319513622671,False
UChly-TxQEt3ZLR3JMqu8Vzw,"you would know if its a weather balloon and balser wood, tinfoil.",you would know if its a weather balloon and balser wood tinfoil,Neutral,0.0007941619260236621,0.00010717966506490484,0.00016514385060872883,0.0001183554923045449,0.00018336220819037408,0.00014137306425254792,False
UCntsQOTETk9isNczINzmTUw,:_twfChewie:,_twfchewie,Positive,0.016068603843450546,0.00012240279465913773,0.0010305041214451194,0.00015673780580982566,0.000678732933010906,0.0002488817845005542,False
UCq9S8TMTTcr9Rotyr2YdpZw,,,Positive,0.0019954426679760218,0.000109364882519003,0.0002377932396484539,0.00011330102279316634,0.0002450730244163424,0.0001826662919484079,False
UChly-TxQEt3ZLR3JMqu8Vzw,big foot one my faves since a boy...bet its lots of peoples fave story/cryptid,big foot one my faves since a boybet its lots of peoples fave storycryptid,Negative,0.5509381890296936,0.00326447538100183,0.19025705754756927,0.001183849642984569,0.18172454833984375,0.012323470786213875,True
UCntsQOTETk9isNczINzmTUw,@Vin Bob :waving_hand::light_blue_heart:,vin bob waving_handlight_blue_heart,Positive,0.0007592294714413583,0.00011135484237456694,0.00017577875405550003,0.00011864046973641962,0.00018107918731402606,0.0001393320271745324,False
UCZqNF9nrrtf_E3KAh8RYFUw,Still shadow banned?,still shadow banned,Negative,0.003971760161221027,0.00011505827569635585,0.0002967519103549421,0.00011450008605606854,0.00027420566766522825,0.0002201209863414988,False
UCZqNF9nrrtf_E3KAh8RYFUw,Nope haha!,nope haha,Negative,0.013545936904847622,0.00011918906966457143,0.0011639290023595095,0.00011607939813984558,0.0005311915883794427,0.00015981589967850596,False
UChly-TxQEt3ZLR3JMqu8Vzw,def my 2 faves - big foot....Enfield poltergeist,def my 2 faves  big footenfield poltergeist,Negative,0.7593064308166504,0.009830477647483349,0.39428088068962097,0.003240466583520174,0.32744839787483215,0.04601980000734329,True
UCntsQOTETk9isNczINzmTUw,bigfoot or werewolves for me,bigfoot or werewolves for me,Neutral,0.0007170977187342942,0.00011172091763000935,0.00017409754218533635,0.00011536126839928329,0.00017792521975934505,0.0001396295556332916,False
UCntsQOTETk9isNczINzmTUw,dogman..maybe..werewolf..yes :grinning_face_with_sweat::grinning_squinting_face:,dogmanmaybewerewolfyes grinning_face_with_sweatgrinning_squinting_face,Negative,0.02108702063560486,0.00010483687947271392,0.0006454705144278705,0.0001885340898297727,0.000804807641543448,0.00032811344135552645,False
UCq9S8TMTTcr9Rotyr2YdpZw,I  mothman!!,i  mothman,Neutral,0.0038812600541859865,9.982335905078799e-05,0.0003207180998288095,0.00010478180774953216,0.00024053300148807466,0.00017069918976631016,False
UCntsQOTETk9isNczINzmTUw,hello seth,hello seth,Positive,0.0009564027423039079,0.00010315906547475606,0.00018288727733306587,0.00010426839435240254,0.0001838878233684227,0.0001349531376035884,False
UCZqNF9nrrtf_E3KAh8RYFUw,Jersey devil ,jersey devil,Positive,0.4319968819618225,0.002072528237476945,0.05195634439587593,0.0033624775242060423,0.041555147618055344,0.011723228730261326,False
UCZqNF9nrrtf_E3KAh8RYFUw,Hey @juliana elise ,hey juliana elise,Positive,0.0012721264502033591,9.50293688219972e-05,0.000181824536412023,9.867320477496833e-05,0.00018923089373856783,0.000145244543091394,False
UChly-TxQEt3ZLR3JMqu8Vzw,a great story i heard ...kids at construction site and werewolf came in..cant remember where saw it but was done really well. anyone heard that one ?,a great story i heard kids at construction site and werewolf came incant remember where saw it but was done really well anyone heard that one,Positive,0.0006390893831849098,0.00011802144581452012,0.00017994183872360736,0.00012553881970234215,0.00017540555563755333,0.00013563144602812827,False
UCZqNF9nrrtf_E3KAh8RYFUw,Graceless still not here ,graceless still not here,Negative,0.0018597611924633384,9.21422615647316e-05,0.0001825193321565166,0.00010246357851428911,0.0002282173081766814,0.0001677706022746861,False
UChly-TxQEt3ZLR3JMqu8Vzw,"jersey devil, mothman both great too",jersey devil mothman both great too,Positive,0.03399430587887764,0.0001615200744709,0.002065381733700633,0.00021448878396768123,0.0017147926846519113,0.0004213107458781451,False
UCntsQOTETk9isNczINzmTUw,"mmm I hear a similar sounding story on 'what lurks beneath' the yt channel, where he interviewed a guy who told a story about when they were kids and ran into dog man at a construction. site.",mmm i hear a similar sounding story on what lurks beneath the yt channel where he interviewed a guy who told a story about when they were kids and ran into dog man at a construction site,Neutral,0.0009873445378616452,9.872562804957852e-05,0.00017986430611927062,0.00010683844448067248,0.00019472958229016513,0.00013609888264909387,False
UCZqNF9nrrtf_E3KAh8RYFUw,Bigfoots a big deal around here in the PNW ,bigfoots a big deal around here in the pnw,Positive,0.0031908871605992317,9.869446512311697e-05,0.00035192156792618334,9.423885785508901e-05,0.0002494733489584178,0.00015544649795629084,False
UCntsQOTETk9isNczINzmTUw,@Graceless :people_hugging::people_hugging: I miss you,graceless people_huggingpeople_hugging i miss you,Positive,0.0033601708710193634,9.265630069421604e-05,0.00019561911176424474,0.00015523587353527546,0.0002908122551161796,0.0002105509483953938,False
UCrKGYOGN6ovMuPd9H26GZ4Q,I always thought that the bigfoot and the Nephilim were connected somehow. ,i always thought that the bigfoot and the nephilim were connected somehow,Neutral,0.001902226940728724,9.866275649983436e-05,0.00016420221072621644,0.00011709819955285639,0.00023085314023774117,0.00021054672833997756,False
UChly-TxQEt3ZLR3JMqu8Vzw,the mothman was one of the videos on GRIMM life this week...,the mothman was one of the videos on grimm life this week,Positive,0.0011266270885244012,9.703200339572504e-05,0.0001843214122345671,0.00010872684651985765,0.00019023475761059672,0.00013474674778990448,False
UCq9S8TMTTcr9Rotyr2YdpZw,I shall check it out :smiling_face_with_smiling_eyes:,i shall check it out smiling_face_with_smiling_eyes,Neutral,0.0007093509193509817,0.0001154092387878336,0.00017201922310050577,0.00013472812133841217,0.00018145113426726311,0.00013717937690671533,False
UCntsQOTETk9isNczINzmTUw,Marz I feel like that's probably true.,marz i feel like thats probably true,Neutral,0.0015356395160779357,9.411995415575802e-05,0.00022446880757343024,9.337101073469967e-05,0.00019628668087534606,0.00013859833416063339,False
UCiVTW37nKAbcqE-b4KdHw6g,Definitely not connected,definitely not connected,Negative,0.000984872691333294,0.00010620704415487126,0.00019587200949899852,9.886147017823532e-05,0.00019237841479480267,0.00014246079081203789,False
UChly-TxQEt3ZLR3JMqu8Vzw,yes grimm life collective...was a very extensive video about it plus locations,yes grimm life collectivewas a very extensive video about it plus locations,Positive,0.0006545743090100586,0.00011586508480831981,0.00017709315579850227,0.00012359324318822473,0.00017234249389730394,0.00013723353913519531,False
UChly-TxQEt3ZLR3JMqu8Vzw,and the museum,and the museum,Positive,0.0007000673213042319,0.0001186514418805018,0.00018592202104628086,0.00011095196532551199,0.00018519801960792392,0.0001424499205313623,False
UCgxyDgNflhGkfi_MmHxrLbw,I miss names like MAC BRAZZLE,i miss names like mac brazzle,Neutral,0.011577161028981209,0.00010261317947879434,0.0004684656159952283,0.00015354658535216004,0.0005078052054159343,0.00025363764143548906,False
UCiVTW37nKAbcqE-b4KdHw6g,how is there 24k watching but a chat so slow?,how is there 24k watching but a chat so slow,Negative,0.0028489395044744015,8.837485802359879e-05,0.00025493884459137917,0.00010145921987714246,0.00023619120474904776,0.0001542934769531712,False
UCZqNF9nrrtf_E3KAh8RYFUw,If Bigfoot was real I probably would know somebody who shot one by now ,if bigfoot was real i probably would know somebody who shot one by now,Negative,0.019216537475585938,0.00015773437917232513,0.0006831581704318523,0.0008481676341034472,0.0008010684396140277,0.00042329358984716237,False
UCgxyDgNflhGkfi_MmHxrLbw,because there IS a God.,because there is a god,Positive,0.00219536991789937,0.00010061571083497256,0.00021816071239300072,0.00010446555825183168,0.00019715777307283133,0.00017744135402608663,False
UChly-TxQEt3ZLR3JMqu8Vzw,most laid in bed ?,most laid in bed,Negative,0.01128472201526165,0.00013008924724999815,0.0005207157810218632,0.00017899280646815896,0.0004101521917618811,0.0002567135379649699,False
UCgxyDgNflhGkfi_MmHxrLbw,probably,probably,Neutral,0.0013839612947776914,0.00011104309669462964,0.00023522147967014462,9.305777348345146e-05,0.00022562406957149506,0.00015926793275866657,False
UCntsQOTETk9isNczINzmTUw,alot of people put this on in their backgrounds and leave it running for sleep or work or other hobbies an activities.,alot of people put this on in their backgrounds and leave it running for sleep or work or other hobbies an activities,Negative,0.0008579693385399878,0.00010723201557993889,0.00016932612925302237,0.00011989214544882998,0.00018654672021511942,0.0001407548552379012,False
UCiVTW37nKAbcqE-b4KdHw6g,24k and its only us talking?,24k and its only us talking,Positive,0.001546535175293684,9.433730883756652e-05,0.00022264230938162655,0.00010156309144804254,0.00019263556168880314,0.00013606631546281278,False
UCZqNF9nrrtf_E3KAh8RYFUw,I sleep to it usually ,i sleep to it usually,Neutral,0.002211882034316659,0.00010144306725123897,0.00021976971765980124,0.00012898436398245394,0.00020139955449849367,0.00017003770335577428,False
UCgxyDgNflhGkfi_MmHxrLbw,correct! I usually do.,correct i usually do,Neutral,0.0009081768221221864,0.000104898375866469,0.00018023581651505083,0.00010713838855735958,0.00017966960149351507,0.00013658523675985634,False
UCrKGYOGN6ovMuPd9H26GZ4Q,And I believe the native americans about giants,and i believe the native americans about giants,Positive,0.0006255925982259214,0.00012136469013057649,0.00017084118735510856,0.00012490643712226301,0.00017316627781838179,0.00014702002226840705,False
UCntsQOTETk9isNczINzmTUw,"tbf it's usually roughly 4-6k but there was also a premiere tonight, so many more",tbf its usually roughly 46k but there was also a premiere tonight so many more,Neutral,0.0007246776367537677,0.00011041800462407991,0.00018323829863220453,0.00010954638855764642,0.0001757829450070858,0.00013400088937487453,False
UCiVTW37nKAbcqE-b4KdHw6g,"yes I agree, im about to do the same",yes i agree im about to do the same,Neutral,0.0007344111800193787,0.00011506924056448042,0.0001798231533030048,0.00013661375851370394,0.00017229978402610868,0.0001410672557540238,False
UChly-TxQEt3ZLR3JMqu8Vzw,well yes I thought that too as normally its so fast u cant read,well yes i thought that too as normally its so fast u cant read,Neutral,0.002930810209363699,8.540780982002616e-05,0.00020768398826476187,0.00010158797522308305,0.0002683142083697021,0.00016423696069978178,False
UCgxyDgNflhGkfi_MmHxrLbw,classic Seth Mulvaney,classic seth mulvaney,Positive,0.0010504033416509628,0.0001009400439215824,0.00018621723575051874,0.00010283063602400944,0.00018409042968414724,0.00013761511945631355,False
UCq9S8TMTTcr9Rotyr2YdpZw,I love the roswell story,i love the roswell story,Positive,0.0006537616136483848,0.00011953210923820734,0.00017888736329041421,0.00012884238094557077,0.00016724558372516185,0.00013602583203464746,False
UCq9S8TMTTcr9Rotyr2YdpZw,It’s just beat after beat after beat,its just beat after beat after beat,Neutral,0.0020149662159383297,9.236412734026089e-05,0.00022453900601249188,0.0001042195872287266,0.00020162052533123642,0.00015231191355269402,False
UCntsQOTETk9isNczINzmTUw,and if you arnt subscribed to the channel for 4 weeks or longer you can't chat. it's set up that way t o help filter trolls,and if you arnt subscribed to the channel for 4 weeks or longer you cant chat its set up that way t o help filter trolls,Negative,0.026494767516851425,0.00010100185318151489,0.0012036103289574385,0.0001805237407097593,0.001217371434904635,0.00025397667195647955,False
UCZqNF9nrrtf_E3KAh8RYFUw,Thanks @idol,thanks idol,Positive,0.0033282372169196606,9.246609261026606e-05,0.0002695883740670979,0.00010161869431613013,0.0002607849601190537,0.0001692812511464581,False
UCZqNF9nrrtf_E3KAh8RYFUw,I’m actually not a bot ,im actually not a bot,Negative,0.008545085787773132,9.87348539638333e-05,0.0005807325942441821,0.0001338342553935945,0.00044071063166484237,0.00016045261872932315,False
UCgxyDgNflhGkfi_MmHxrLbw,Roswell is a classic....just so rehashed,roswell is a classicjust so rehashed,Positive,0.0018034212989732623,9.2383059381973e-05,0.0002354685275349766,9.1525238531176e-05,0.00020776220480911434,0.00013953213056083769,False
UChly-TxQEt3ZLR3JMqu8Vzw,is it more busy when our man on live...as its just vids ? I dont usually do lives.,is it more busy when our man on liveas its just vids  i dont usually do lives,Neutral,0.00780235230922699,9.595050505595282e-05,0.0004953283932991326,0.00013960372598376125,0.00039017308154143393,0.00017483482952229679,False
UCgxyDgNflhGkfi_MmHxrLbw,such a Seth Mulvaney thing to say.....this guy!,such a seth mulvaney thing to saythis guy,Positive,0.01552181039005518,0.0001046212637447752,0.0008235080749727786,0.00011151550279464573,0.0008936392841860652,0.00023796380264684558,False
UCiVTW37nKAbcqE-b4KdHw6g,all good and yes I get that but 24k is another for 8 people to be the only ones talking,all good and yes i get that but 24k is another for 8 people to be the only ones talking,Positive,0.0007958159549161792,0.00010802286851685494,0.00018318151705898345,0.00012155185686424375,0.00017280125757679343,0.00013297649275045842,False
UCq9S8TMTTcr9Rotyr2YdpZw,I live how AU is just bam bam bam this happened then this happened then this happened,i live how au is just bam bam bam this happened then this happened then this happened,Positive,0.0013773482060059905,9.85645892797038e-05,0.00021471180662047118,0.00010727946937549859,0.0001844268845161423,0.00014089209435041994,False
UChly-TxQEt3ZLR3JMqu8Vzw,only done half a dozen I think ...or thereabouts,only done half a dozen i think or thereabouts,Negative,0.0011438063811510801,9.783922723727301e-05,0.0001924015232361853,0.0001010144769679755,0.00018958759028464556,0.0001387985685141757,False
UCiVTW37nKAbcqE-b4KdHw6g,think they are compromised. im going dark .,think they are compromised im going dark,Negative,0.0022285096347332,0.0001005629455903545,0.00022880623873788863,0.0001323792093899101,0.0001996836217585951,0.00017589326307643205,False
UCiVTW37nKAbcqE-b4KdHw6g,night all,night all,Positive,0.055392567068338394,0.0002547085168771446,0.0032449965365231037,0.0005729974946007133,0.0008614812395535409,0.000420226133428514,False
UCZqNF9nrrtf_E3KAh8RYFUw,How’d you know?,howd you know,Positive,0.0024174535647034645,8.864435221767053e-05,0.0002306762180523947,9.814964869292453e-05,0.00022415313287638128,0.0001487310801167041,False
UCq9S8TMTTcr9Rotyr2YdpZw,,,Positive,0.0019954426679760218,0.000109364882519003,0.0002377932396484539,0.00011330102279316634,0.0002450730244163424,0.0001826662919484079,False
UChly-TxQEt3ZLR3JMqu8Vzw,:waving_hand:night kyle,waving_handnight kyle,Positive,0.0012677357299253345,9.541445615468547e-05,0.00018277378694619983,9.537652658764273e-05,0.0001988258445635438,0.0001484055392211303,False
UCgxyDgNflhGkfi_MmHxrLbw,"yeah, it's clear that A.J has a background in entertainment. His pacing and overall production are just aces.",yeah its clear that aj has a background in entertainment his pacing and overall production are just aces,Positive,0.0006648979615420103,0.00011982231080764905,0.0002120025601470843,0.00011727475794032216,0.00017443519027438015,0.000126832295791246,False
UCZqNF9nrrtf_E3KAh8RYFUw,Nite nite @kyle ,nite nite kyle,Positive,0.0077464091591537,0.00011078788520535454,0.0006344694411382079,0.00011778491170844063,0.0003973665297962725,0.00021351691975723952,False
UCgxyDgNflhGkfi_MmHxrLbw,gn Kyle,gn kyle,Positive,0.0018330039456486702,9.294194751419127e-05,0.0002188753423979506,8.712972339708358e-05,0.00022915052250027657,0.00016171163588296622,False
UCntsQOTETk9isNczINzmTUw,well...this channel only actually has like 160k subscribers. whereas the premiere open its up to over 5m..I honestly bet like 95% of these people arnt subscribed or don't realize this isn't the main,wellthis channel only actually has like 160k subscribers whereas the premiere open its up to over 5mi honestly bet like 95 of these people arnt subscribed or dont realize this isnt the main,Negative,0.006057203747332096,8.897217776393518e-05,0.00047659833217039704,0.00011751610873034224,0.00037311454070732,0.00015790232282597572,False
UCntsQOTETk9isNczINzmTUw,good night lol,good night lol,Positive,0.0021077021956443787,8.888144657248631e-05,0.00020387204131111503,0.00010034521983470768,0.00021859962726011872,0.00015749107114970684,False
UCq9S8TMTTcr9Rotyr2YdpZw,Love this community ,love this community,Positive,0.0007680667913518846,0.00011794157762778923,0.00017274079436901957,0.00013625845895148814,0.00017252532416023314,0.0001504926331108436,False
UChly-TxQEt3ZLR3JMqu8Vzw,hes always been a presenter ? on his history video he was immediately before why files,hes always been a presenter  on his history video he was immediately before why files,Negative,0.0011960879201069474,9.606732055544853e-05,0.00019537231128197163,0.00010812604159582406,0.00019552848243620247,0.00013400486204773188,False
UCgxyDgNflhGkfi_MmHxrLbw,"not sure exactly. I am sure you can look it up. but he has been a producer for television,I am certain.",not sure exactly i am sure you can look it up but he has been a producer for televisioni am certain,Neutral,0.000585419125854969,0.00012505326594691724,0.00018425779126118869,0.00013204563583713025,0.0001765539636835456,0.00013782078167423606,False
UCgxyDgNflhGkfi_MmHxrLbw,GN Juliana,gn juliana,Positive,0.001049430575221777,0.00010058692714665085,0.0001896787143778056,9.236166079062968e-05,0.00019037810852751136,0.00014455219206865877,False
UCZqNF9nrrtf_E3KAh8RYFUw,Yeah He’s too experienced for certain things for sure ,yeah hes too experienced for certain things for sure,Neutral,0.0008236317080445588,0.00010628363816067576,0.0001812241243897006,0.00011258622544119135,0.00017966153973247856,0.00013415393186733127,False
UChly-TxQEt3ZLR3JMqu8Vzw,I thought i was here from start but seems I must have missed first yr and maybe 2nd..I remember when numbers were low but not as low as he shows on the history of why files video.,i thought i was here from start but seems i must have missed first yr and maybe 2ndi remember when numbers were low but not as low as he shows on the history of why files video,Neutral,0.0009792830096557736,9.996101289289072e-05,0.0001950222358573228,0.00010966543050017208,0.00018725884729065,0.00012936016719322652,False
UCntsQOTETk9isNczINzmTUw,"well thank you but I'm not going to bed, was just saying good night to Kyle",well thank you but im not going to bed was just saying good night to kyle,Positive,0.0009097374277189374,0.00011259363236604258,0.00017554812075104564,0.00013830748503096402,0.00017721123003866524,0.00015083022299222648,False
UCZqNF9nrrtf_E3KAh8RYFUw,He’s been on tv a couple times and stuff radio shows that kind of stuff mostly a producer capacity ,hes been on tv a couple times and stuff radio shows that kind of stuff mostly a producer capacity,Negative,0.0007048763800412416,0.00011371307482477278,0.00019559188513085246,0.00011119058035546914,0.00017861976812127978,0.0001308336650254205,False
UChly-TxQEt3ZLR3JMqu8Vzw,so was same as most youtube...wasn't overnight success,so was same as most youtubewasnt overnight success,Positive,0.001800362952053547,9.185740782413632e-05,0.00023576777311973274,0.00010186075087403879,0.00020908434817101806,0.0001334237022092566,False
UCntsQOTETk9isNczINzmTUw,"aj used to do radio as work, if you check the members only section there some videos with his only stuff, just a bit of it :slightly_smiling_face:",aj used to do radio as work if you check the members only section there some videos with his only stuff just a bit of it slightly_smiling_face,Neutral,0.001242343452759087,0.00010628080053720623,0.00027407053858041763,9.5345065346919e-05,0.00019547218107618392,0.00012518068251665682,False
UC5e2uRS3ToLTRo76sui3yHA,whats with the clock?,whats with the clock,Positive,0.00157456798478961,9.744537237565964e-05,0.00021720989025197923,9.904641774483025e-05,0.00019631288887467235,0.00014112699136603624,False
UChly-TxQEt3ZLR3JMqu8Vzw,this channel must have the most patreins,this channel must have the most patreins,Positive,0.021226108074188232,0.00011200412700418383,0.0007069793646223843,0.00017050952010322362,0.0008112596115097404,0.0003222087980248034,False
UCgxyDgNflhGkfi_MmHxrLbw,"yeah it's wild. I remember wondering how he didn't have more subs..... then after his high jump content, I want to say... his numbers started soaring.... pretty quickly after that",yeah its wild i remember wondering how he didnt have more subs then after his high jump content i want to say his numbers started soaring pretty quickly after that,Neutral,0.0007509978604502976,0.00011061823897762224,0.0001775137789081782,0.00012395603698678315,0.0001806704531190917,0.00013535638572648168,False
UCntsQOTETk9isNczINzmTUw,"the clock is just representative of the amount of time all events took place within, pretty sure",the clock is just representative of the amount of time all events took place within pretty sure,Positive,0.0005803690874017775,0.00012909264478366822,0.0001927958073792979,0.00012572498235385865,0.00017817274783737957,0.00014113761426415294,False
UCZqNF9nrrtf_E3KAh8RYFUw,"Ive been around right after 100,000 on the main channel wf bs had like 46",ive been around right after 100000 on the main channel wf bs had like 46,Negative,0.002759329043328762,8.610010263510048e-05,0.0002879602834582329,9.060596494236961e-05,0.00025331691722385585,0.0001463711232645437,False
UChly-TxQEt3ZLR3JMqu8Vzw,patreons on tube...7 min to play them all,patreons on tube7 min to play them all,Positive,0.03021961823105812,0.00011081038974225521,0.0009185387752950191,0.0001906693069031462,0.0013441010378301144,0.00036375701893121004,False
UC5e2uRS3ToLTRo76sui3yHA,damn,damn,Negative,0.9612838625907898,0.04869227111339569,0.9316551685333252,0.0018095854902639985,0.08668126165866852,0.0017176951514557004,True
UCJiOhYPvKKijwRb3g9Z36FQ,Thank-you so much AJ:heart_exclamation::heart_exclamation:,thankyou so much ajheart_exclamationheart_exclamation,Positive,0.0009211329161189497,0.00010867999662877992,0.00017010013107210398,0.00013350820518098772,0.00017328221292700619,0.00014559605915565044,False
UC9sCOUX3yEJnz5htw84Tciw,Hi everyone ,hi everyone,Positive,0.0007754645776003599,0.00010985392873408273,0.00017703050980344415,0.00011415536573622376,0.0001796829455997795,0.00013708000187762082,False
UCgxyDgNflhGkfi_MmHxrLbw,"he was exec producer on that show he was on that time w/Gene Simmons,I thought. may be wrong.....ugh, can't stand Gene Simmons",he was exec producer on that show he was on that time wgene simmonsi thought may be wrongugh cant stand gene simmons,Negative,0.001459302962757647,9.042168676387519e-05,0.00021229991398286074,0.00010229234612779692,0.00021853044745512307,0.00013881245104130358,False
UCsm2mguK3QRkHHFX4ZtkaPw,i was here 2025,i was here 2025,Positive,0.00069163873558864,0.00011729197285603732,0.00018308687140233815,0.00012547311780508608,0.0001778168516466394,0.00014001072850078344,False
UCZqNF9nrrtf_E3KAh8RYFUw,Awesome!!!,awesome,Positive,0.004407019820064306,0.0001480637729400769,0.0008404167601838708,0.00010894832666963339,0.00028071232372894883,0.00014793802984058857,False
UCntsQOTETk9isNczINzmTUw,@AJ Gentiles good to see you sir :slightly_smiling_face: hope you are well. thank you for the gifts!,aj gentiles good to see you sir slightly_smiling_face hope you are well thank you for the gifts,Positive,0.0007428801618516445,0.00011461150279501453,0.0001880852214526385,0.00013596436474472284,0.00017506169388070703,0.00013415623106993735,False
UC5e2uRS3ToLTRo76sui3yHA,AJ you rule,aj you rule,Positive,0.054152488708496094,0.0001777468278305605,0.004246927797794342,0.0002744643425103277,0.0012259609065949917,0.0002486517478246242,False
UCZqNF9nrrtf_E3KAh8RYFUw,Hey @barefoots ,hey barefoots,Positive,0.33499348163604736,0.0003470886149443686,0.0036558147985488176,0.0006518363952636719,0.023049796000123024,0.00379777024500072,False
UCrKGYOGN6ovMuPd9H26GZ4Q,"Man, that was a lotta peeps",man that was a lotta peeps,Negative,0.04797879979014397,0.0001645388692850247,0.003647593082860112,0.00021408850443549454,0.0013276790268719196,0.0002367049892200157,False
UCdbjpaRUqe-25nBKFr8TVDw,awesome AJ,awesome aj,Positive,0.09283589571714401,0.0006461937446147203,0.03534149378538132,0.0003428411146160215,0.001699863700196147,0.00028337875846773386,False
UChly-TxQEt3ZLR3JMqu8Vzw,dont remember this video being so long..its a feat of storytelling for sure,dont remember this video being so longits a feat of storytelling for sure,Positive,0.0016108365962281823,9.068151121027768e-05,0.00021613728313241154,9.924836922436953e-05,0.00019958541088271886,0.0001386842632200569,False
UCntsQOTETk9isNczINzmTUw,good eve barefoot :slightly_smiling_face:,good eve barefoot slightly_smiling_face,Positive,0.004134963732212782,8.737450843909755e-05,0.0002710073022171855,0.00011594200623221695,0.00028576410841196775,0.0001851891865953803,False
UCZqNF9nrrtf_E3KAh8RYFUw,You ever get shoes that fit ,you ever get shoes that fit,Positive,0.014971812255680561,9.727695578476414e-05,0.00035674968967214227,0.00016857510490808636,0.0006339707178995013,0.00029914453625679016,False
UC9sCOUX3yEJnz5htw84Tciw,Hiya Juliana ,hiya juliana,Positive,0.0007600510725751519,0.00010938199557131156,0.00017869676230475307,0.00010582490358501673,0.00017890596063807607,0.00013677238894160837,False
UCq9S8TMTTcr9Rotyr2YdpZw,:loudly_crying_face:,loudly_crying_face,Positive,0.02335170842707157,0.00012193634756840765,0.0009054270922206342,0.00023113260976970196,0.0006733878399245441,0.0002565865288488567,False
UC9sCOUX3yEJnz5htw84Tciw,Lol Nah… who needs shoes? I wear them if i have to ,lol nah who needs shoes i wear them if i have to,Neutral,0.011417186819016933,9.478844731347635e-05,0.00039327406557276845,0.00013949886488262564,0.0005056512309238315,0.0002471725456416607,False
UChly-TxQEt3ZLR3JMqu8Vzw,im waiting to go to bed tbh...but im not off if the big foot ep on ...I love that onem,im waiting to go to bed tbhbut im not off if the big foot ep on i love that onem,Positive,0.0696985200047493,0.0002804354880936444,0.006749642547219992,0.0006928403745405376,0.0016183456173166633,0.00045154086546972394,False
UCgxyDgNflhGkfi_MmHxrLbw,"oooh, gotta' pick up my gf ....10 mins. ago. Nice talking to you all ! Onward and upward!",oooh gotta pick up my gf 10 mins ago nice talking to you all  onward and upward,Positive,0.0011550378985702991,0.00010191758337896317,0.00022239470854401588,0.00011641483433777466,0.0001804228959372267,0.00013348109496291727,False
UCntsQOTETk9isNczINzmTUw,"lol if it really is the bigfoot episode next, I'm adding to my anecdotal proof of bigfoot :grinning_face_with_sweat:",lol if it really is the bigfoot episode next im adding to my anecdotal proof of bigfoot grinning_face_with_sweat,Negative,0.006687695160508156,8.802690717857331e-05,0.00038256391417235136,0.00012107411021133885,0.0003573404101189226,0.00018225604435428977,False
UCq9S8TMTTcr9Rotyr2YdpZw,,,Positive,0.0019954426679760218,0.000109364882519003,0.0002377932396484539,0.00011330102279316634,0.0002450730244163424,0.0001826662919484079,False
UChly-TxQEt3ZLR3JMqu8Vzw,oh u dont know then :rolling_on_the_floor_laughing::rolling_on_the_floor_laughing::rolling_on_the_floor_laughing:I thought u maybe had a exclusive list...,oh u dont know then rolling_on_the_floor_laughingrolling_on_the_floor_laughingrolling_on_the_floor_laughingi thought u maybe had a exclusive list,Negative,0.0042146011255681515,8.826604607747868e-05,0.0003393702208995819,0.00011902323603862897,0.00027252876316197217,0.00014689013187307864,False
UCq9S8TMTTcr9Rotyr2YdpZw,Would love to hear it,would love to hear it,Positive,0.0006569135002791882,0.00012312777107581496,0.0001859478943515569,0.00013682665303349495,0.00016666707233525813,0.0001385848445352167,False
UCZqNF9nrrtf_E3KAh8RYFUw,Just gotta give you a hard time it’s mandatory ,just gotta give you a hard time its mandatory,Neutral,0.0033489223569631577,9.208780829794705e-05,0.0002879388630390167,9.922433673636988e-05,0.00024802357074804604,0.00015861897554714233,False
UCntsQOTETk9isNczINzmTUw,off drive safe,off drive safe,Neutral,0.009210148826241493,0.00010348833166062832,0.000625454296823591,0.00017657129501458257,0.0004007144016213715,0.0001888853294076398,False
UChly-TxQEt3ZLR3JMqu8Vzw,later dashing hero :thumbs_up::thumbs_up::thumbs_up:,later dashing hero thumbs_upthumbs_upthumbs_up,Neutral,0.13177962601184845,0.00024162593763321638,0.00687765795737505,0.00035968469455838203,0.006486238446086645,0.0004003492067568004,False
UCntsQOTETk9isNczINzmTUw,@sol cutta I wish. I have no real proof. but I'm still convinced.,sol cutta i wish i have no real proof but im still convinced,Positive,0.001137406099587679,0.00010356721031712368,0.0001811952533898875,0.00012256046466063708,0.00017722135817166418,0.00015136822185013443,False
UChly-TxQEt3ZLR3JMqu8Vzw,so it could be the simulation theory or dead internet,so it could be the simulation theory or dead internet,Neutral,0.0010499695781618357,9.926568600349128e-05,0.00017945250147022307,0.00010517542250454426,0.0001883924996946007,0.00014144681335892528,False
UCZqNF9nrrtf_E3KAh8RYFUw,Later @idol,later idol,Positive,0.01774560660123825,0.00011326796084176749,0.0006134791765362024,0.00015855696983635426,0.0007817117148078978,0.0002885847061406821,False
UChly-TxQEt3ZLR3JMqu8Vzw,thst will really freak us all out if its one of the 3,thst will really freak us all out if its one of the 3,Negative,0.05441851541399956,0.00017620265134610236,0.0015193853760138154,0.000601191830355674,0.0010927222901955247,0.00039607950020581484,False
UChly-TxQEt3ZLR3JMqu8Vzw,shame we cant bet on it...im going with my original dead Internet,shame we cant bet on itim going with my original dead internet,Negative,0.10176156461238861,0.00018166718655265868,0.002598416991531849,0.0005031374748796225,0.0024375198408961296,0.0005559108103625476,False
UCrKGYOGN6ovMuPd9H26GZ4Q,Still waiting on Bigfoot,still waiting on bigfoot,Neutral,0.004454520530998707,9.778121602721512e-05,0.0002802331291604787,0.0001257929834537208,0.0002799751819111407,0.0002121228608302772,False
UCntsQOTETk9isNczINzmTUw,I will bet 5 doll hairs,i will bet 5 doll hairs,Positive,0.06475864350795746,0.00018589792307466269,0.0013430760009214282,0.0009752779151313007,0.0019758089911192656,0.0006006580078974366,False
UChly-TxQEt3ZLR3JMqu8Vzw,:grinning_face_with_big_eyes::grinning_face_with_big_eyes::grinning_face_with_big_eyes:,grinning_face_with_big_eyesgrinning_face_with_big_eyesgrinning_face_with_big_eyes,Positive,0.020238112658262253,0.00011271802941337228,0.0009403653093613684,0.00022926284873392433,0.0007062850636430085,0.00021099085279274732,False
UChly-TxQEt3ZLR3JMqu8Vzw,I hope it is big foot tho,i hope it is big foot tho,Neutral,0.005928986240178347,9.520714957034215e-05,0.00040889630327001214,0.00011963849829044193,0.00031303067225962877,0.00018791170441545546,False
UCntsQOTETk9isNczINzmTUw,same lol,same lol,Negative,0.005571240559220314,9.634272282710299e-05,0.0003605950332712382,8.903871639631689e-05,0.00035606452729552984,0.00018371798796579242,False
UCZqNF9nrrtf_E3KAh8RYFUw,I’ll see your 5 doll hairs and raise you a quart of oil ,ill see your 5 doll hairs and raise you a quart of oil,Negative,0.5703423619270325,0.0007766574271954596,0.01368858851492405,0.002431856468319893,0.08270733803510666,0.004729762673377991,True
UChly-TxQEt3ZLR3JMqu8Vzw,they all better than youtube arent they...wouldn't be out of place on tv,they all better than youtube arent theywouldnt be out of place on tv,Positive,0.014536864124238491,9.573480929248035e-05,0.0005833560135215521,0.00016528074047528207,0.000588953320402652,0.000223883573198691,False
UCntsQOTETk9isNczINzmTUw,lol,lol,Neutral,0.009585230611264706,0.0001219730984303169,0.0005444122361950576,9.302139369538054e-05,0.0005120392306707799,0.00020911026513203979,False
UCrKGYOGN6ovMuPd9H26GZ4Q,Lol @ quart of oil,lol  quart of oil,Neutral,0.004486748483031988,9.436295658815652e-05,0.000314448174322024,8.909451571526006e-05,0.00030579729354940355,0.00020101356494706124,False
UCZqNF9nrrtf_E3KAh8RYFUw,We used to play cards but we were broke and just bet with whatever we had laying around ,we used to play cards but we were broke and just bet with whatever we had laying around,Negative,0.0022278809919953346,9.693286119727418e-05,0.0002615898265503347,0.00010018343891715631,0.00022653717314824462,0.00015448823978658766,False
UCntsQOTETk9isNczINzmTUw,even though it's not my top episodes list. it is still great. it's hard for me to rank them though. I love pretty much every episode,even though its not my top episodes list it is still great its hard for me to rank them though i love pretty much every episode,Positive,0.0008370145806111395,0.00011008306319126859,0.00019208368030376732,0.00012218541814945638,0.00016687221068423241,0.0001286040060222149,False
UCZqNF9nrrtf_E3KAh8RYFUw,Agreed they’re all well done ,agreed theyre all well done,Positive,0.0006190413841977715,0.00012027150660287589,0.00018341606482863426,0.00012580076872836798,0.00017462689720559865,0.00013860705075785518,False
UCntsQOTETk9isNczINzmTUw,"the moon, humans vs Neanderthals, Ai apocalypse, human evolution and radiation, story's about annunaki and Atlantis and nibiru and Mt mfn Hayes :grinning_squinting_face:",the moon humans vs neanderthals ai apocalypse human evolution and radiation storys about annunaki and atlantis and nibiru and mt mfn hayes grinning_squinting_face,Positive,0.001087064272724092,0.0001034309170790948,0.00017810716235544533,0.00012025006435578689,0.00019221303227823228,0.00016101202345453203,False
UCrKGYOGN6ovMuPd9H26GZ4Q,Right on Seth,right on seth,Positive,0.0009499200969003141,0.00010549784929025918,0.0002055759250652045,9.793873323360458e-05,0.00018514750991016626,0.0001333672262262553,False
UCZqNF9nrrtf_E3KAh8RYFUw,I didn’t expect the moon to be so weird ,i didnt expect the moon to be so weird,Negative,0.0036838569212704897,9.593439608579502e-05,0.00025481588090769947,0.0001076447733794339,0.0002621808380354196,0.00019355742551852018,False
UChly-TxQEt3ZLR3JMqu8Vzw,humans vs neanderthals thats a controversial one..aj didnt think that was very good he said on the next or the live that night it was shown,humans vs neanderthals thats a controversial oneaj didnt think that was very good he said on the next or the live that night it was shown,Negative,0.0022135612089186907,9.50806715991348e-05,0.0002258707390865311,0.00012141262413933873,0.00022674720094073564,0.00019031531701330096,False
UChly-TxQEt3ZLR3JMqu8Vzw,I love the moon ones,i love the moon ones,Positive,0.0011834690812975168,0.00010423907224321738,0.00018322307732887566,0.00012185730884084478,0.00017085453146137297,0.0001498573983553797,False
UCntsQOTETk9isNczINzmTUw,I know I told him it's one of my favorites too lol @sol cutta I got lucky and he asked for top 5 that people.wanted listed and I was lucky to get it in quick,i know i told him its one of my favorites too lol sol cutta i got lucky and he asked for top 5 that peoplewanted listed and i was lucky to get it in quick,Positive,0.0007781405001878738,0.00010795285925269127,0.00018374725186731666,0.00012332270853221416,0.0001788905938155949,0.00013053856673650444,False
UC27FZ1wjmuwK0E-oNICiPjg,"do some research, all the ""mysterious"" moon stuff has logical and completely scientific explanations...nothing weird about the moon",do some research all the mysterious moon stuff has logical and completely scientific explanationsnothing weird about the moon,Negative,0.0018888842314481735,9.332774789072573e-05,0.00019392356625758111,0.00012077361316187307,0.0002234167914139107,0.00016117053746711463,False
UChly-TxQEt3ZLR3JMqu8Vzw,here we go then....,here we go then,Positive,0.0007722765440121293,0.00011101323616458103,0.00017583290173206478,0.00011611305671976879,0.00017440940428059548,0.00013965164544060826,False
UC42K8ANV7dm449D92d4lr0g,hello from Australia,hello from australia,Positive,0.0007058231276459992,0.00011286020890111104,0.0001723727473290637,0.00011779883061535656,0.0001748930080793798,0.00014153681695461273,False
UC27FZ1wjmuwK0E-oNICiPjg,that damn fish though,that damn fish though,Neutral,0.8438473343849182,0.011252675205469131,0.7442725896835327,0.0015442087315022945,0.07521577924489975,0.0026783260982483625,True
UC5e2uRS3ToLTRo76sui3yHA,nv,nv,Neutral,0.0030159158632159233,9.506870992481709e-05,0.000304731831420213,8.490595791954547e-05,0.00024681247305125,0.00016024558863136917,False
UCntsQOTETk9isNczINzmTUw,nv here as well to,nv here as well to,Positive,0.001140266889706254,9.742214751895517e-05,0.00019517773762345314,9.804217552300543e-05,0.00018515104602556676,0.0001394504652125761,False
UChly-TxQEt3ZLR3JMqu8Vzw,I dont believe we went ...I know i know..the first space walk video looked like stop motion,i dont believe we went i know i knowthe first space walk video looked like stop motion,Negative,0.0008483572164550424,0.00010478561307536438,0.00017484415729995817,0.00011655478738248348,0.0001767978974385187,0.0001377365697408095,False
UC27FZ1wjmuwK0E-oNICiPjg,lol it was filmed on 1960s camers...in space,lol it was filmed on 1960s camersin space,Neutral,0.001097107888199389,9.69090178841725e-05,0.00019229990721214563,9.622657671570778e-05,0.00019668704771902412,0.00013455569569487125,False
UC27FZ1wjmuwK0E-oNICiPjg,not gonna look great,not gonna look great,Negative,0.006558421067893505,0.00010299108544131741,0.00038852106081321836,0.00010903780639637262,0.00032972870394587517,0.00018492962408345193,False
UC3Isx2LZ9WwJzWmXmVPHYCg,Did someone say heart on?,did someone say heart on,Negative,0.0009166979580186307,0.00010596264473861083,0.00018362149421591312,0.00011181535955984145,0.0001789040834410116,0.00013846266665495932,False
UC27FZ1wjmuwK0E-oNICiPjg,cameras*,cameras,Positive,0.0007701332215219736,0.00011756273306673393,0.00019773213716689497,0.00010662979912012815,0.00018436623213347048,0.00014194552204571664,False
UCdbjpaRUqe-25nBKFr8TVDw,lol,lol,Neutral,0.009585230611264706,0.0001219730984303169,0.0005444122361950576,9.302139369538054e-05,0.0005120392306707799,0.00020911026513203979,False
UCrKGYOGN6ovMuPd9H26GZ4Q,Hello Douglas,hello douglas,Positive,0.0010633051861077547,0.00010009979450842366,0.0001758679427439347,0.00010325689072487876,0.00018983105837833136,0.00014136213576421142,False
UCZqNF9nrrtf_E3KAh8RYFUw,I think the soviets would’ve called bs publicly ,i think the soviets wouldve called bs publicly,Negative,0.0266161747276783,0.00013442950148601085,0.0007689397316426039,0.0002582599117886275,0.0008344086236320436,0.0007698422414250672,False
UChly-TxQEt3ZLR3JMqu8Vzw,ahhhh we all lost :grinning_face_with_big_eyes::grinning_face_with_big_eyes::grinning_face_with_big_eyes:,ahhhh we all lost grinning_face_with_big_eyesgrinning_face_with_big_eyesgrinning_face_with_big_eyes,Negative,0.02816983498632908,0.0001070899743353948,0.0008260745671577752,0.00023176707327365875,0.001003757701255381,0.0002634022675920278,False
UCntsQOTETk9isNczINzmTUw,oo this is a good one,oo this is a good one,Positive,0.0010141804814338684,0.00010415779979666695,0.0002068377798423171,0.00010409286187496036,0.00017697953444439918,0.00013123711687512696,False
UC27FZ1wjmuwK0E-oNICiPjg,exactly seth,exactly seth,Positive,0.0009979958413168788,0.00010594769264571369,0.00020729344396386296,9.779109677765518e-05,0.0001763211184879765,0.0001354715641355142,False
UCCxjNkSXG6CHkzPLacRYM7w,:_twfVader:,_twfvader,Positive,0.02116202749311924,0.0001447502727387473,0.0014159859856590629,0.00016369101649615914,0.0008841323433443904,0.00027083553140982985,False
UChly-TxQEt3ZLR3JMqu8Vzw,i dont like or believe these Mitchell hedges skulls stuff,i dont like or believe these mitchell hedges skulls stuff,Negative,0.0009826008463278413,0.00010377610306022689,0.00017657398711889982,0.00012003708252450451,0.0001723065070109442,0.0001465401001041755,False
UCntsQOTETk9isNczINzmTUw,good bet good bet...who gets the pot of doll hair an oil ...,good bet good betwho gets the pot of doll hair an oil,Positive,0.12727715075016022,0.00019130359578412026,0.002008509123697877,0.000563352252356708,0.005627361126244068,0.0009593642898835242,False
UC27FZ1wjmuwK0E-oNICiPjg,the skull stuff is all total bunk,the skull stuff is all total bunk,Negative,0.11388298869132996,0.0002401771052973345,0.004537089727818966,0.00038178477552719414,0.002349162707105279,0.0006546126678586006,False
UCntsQOTETk9isNczINzmTUw,lol,lol,Neutral,0.009585230611264706,0.0001219730984303169,0.0005444122361950576,9.302139369538054e-05,0.0005120392306707799,0.00020911026513203979,False
UC3Isx2LZ9WwJzWmXmVPHYCg,Never trust a guy named Mitchell,never trust a guy named mitchell,Negative,0.004984106868505478,8.897684165276587e-05,0.00029590632766485214,0.00011502195411594585,0.00029482273384928703,0.0001855053415056318,False
UC27FZ1wjmuwK0E-oNICiPjg,but AJ says that too,but aj says that too,Neutral,0.00523464847356081,0.00014926158473826945,0.0011399518698453903,0.00011525802256073803,0.00028909911634400487,0.00013507813855540007,False
UChly-TxQEt3ZLR3JMqu8Vzw,he bought the skull from philips and put it stop so she could find on her birthday,he bought the skull from philips and put it stop so she could find on her birthday,Negative,0.005803926847875118,8.99237347766757e-05,0.00025124402600340545,0.00014231877867132425,0.0003911001840606332,0.00022106706455815583,False
UChly-TxQEt3ZLR3JMqu8Vzw,put it atop,put it atop,Positive,0.005589108914136887,8.959590923041105e-05,0.0002994041715282947,0.00012624131340999156,0.00030980046722106636,0.00019864222849719226,False
UCZqNF9nrrtf_E3KAh8RYFUw,I win!!! Do I also get a participation trophy???,i win do i also get a participation trophy,Positive,0.000949223933275789,0.00010466227831784636,0.00017571121861692518,0.0001237010001204908,0.00017725347424857318,0.0001357299042865634,False
UCntsQOTETk9isNczINzmTUw,sure you can have it lol,sure you can have it lol,Positive,0.0019288385519757867,8.77355269039981e-05,0.00019260525004938245,8.870033343555406e-05,0.00023230310762301087,0.0001535912451799959,False
UChly-TxQEt3ZLR3JMqu8Vzw,did u say this one ??? :rolling_on_the_floor_laughing::rolling_on_the_floor_laughing::rolling_on_the_floor_laughing:,did u say this one  rolling_on_the_floor_laughingrolling_on_the_floor_laughingrolling_on_the_floor_laughing,Negative,0.003639863571152091,8.967599569587037e-05,0.0003139045147690922,0.00011032959446310997,0.00025976108736358583,0.00014443644613493234,False
UCZqNF9nrrtf_E3KAh8RYFUw,Or Dan aykroyd ,or dan aykroyd,Neutral,0.0010162920225411654,0.00010294817911926657,0.0001845072692958638,0.00010865004878723994,0.000202835479285568,0.0001452949654776603,False
UCntsQOTETk9isNczINzmTUw,here's a pyramid:_twfPyramid:,heres a pyramid_twfpyramid,Positive,0.016520358622074127,9.872204827843234e-05,0.0006640557548962533,0.00017010256124194711,0.0006685688276775181,0.0002776513865683228,False
UC27FZ1wjmuwK0E-oNICiPjg,one of my favourite Canadians,one of my favourite canadians,Positive,0.0010223594726994634,0.0001050872087944299,0.0001657793327467516,0.00012103623885195702,0.00017392034351360053,0.0001664610899752006,False
UCZqNF9nrrtf_E3KAh8RYFUw,Sweet ,sweet,Positive,0.01158127561211586,0.00016247840540017933,0.001226835884153843,0.00014390760043170303,0.00046879841829650104,0.0002480609400663525,False
UC27FZ1wjmuwK0E-oNICiPjg,love that akroyd,love that akroyd,Positive,0.0019001703476533294,9.561255865264684e-05,0.00021198598551563919,0.00010964222019538283,0.00019446924852672964,0.00016436167061328888,False
UCUALhDETxHuXWYo1-n_Vwmg,lets gooooooo,lets gooooooo,Positive,0.14231924712657928,0.000249056494794786,0.0035699578002095222,0.0006334902718663216,0.002162471180781722,0.0007104356773197651,False
UC27FZ1wjmuwK0E-oNICiPjg,indiana jones time,indiana jones time,Positive,0.0007861699559725821,0.00011352662113495171,0.00017546344315633178,0.00012213755690027028,0.00018495343101676553,0.00014459450903814286,False
UCZqNF9nrrtf_E3KAh8RYFUw,I feel like they just paid some germans to do super nice finish work on the skulls ,i feel like they just paid some germans to do super nice finish work on the skulls,Positive,0.000830285542178899,0.00016599589434918016,0.00021572818513959646,0.00017947182641364634,0.00025976606411859393,0.0002629190275911242,False
UCZqNF9nrrtf_E3KAh8RYFUw,Hey @spectral vibes ,hey spectral vibes,Neutral,0.0013047389220446348,9.640539792599156e-05,0.00018764026754070073,9.826943278312683e-05,0.0001891466527013108,0.00014375550381373614,False
UChly-TxQEt3ZLR3JMqu8Vzw,right no big foot...thars my get out free or ill be here the whole 24 :rolling_on_the_floor_laughing: enjoy chat all..nice chatting with you. :folded_hands::folded_hands::folded_hands:,right no big footthars my get out free or ill be here the whole 24 rolling_on_the_floor_laughing enjoy chat allnice chatting with you folded_handsfolded_handsfolded_hands,Positive,0.15489700436592102,0.0003675238403957337,0.0029455937910825014,0.0034348752815276384,0.003466296475380659,0.001057879882864654,False
UC27FZ1wjmuwK0E-oNICiPjg,"they're all explainable, he goes through it at the end of the video",theyre all explainable he goes through it at the end of the video,Negative,0.0007001100457273424,0.00011647545034065843,0.00018848736362997442,0.00011994864325970411,0.00017553071666043252,0.0001343836192972958,False
UC27FZ1wjmuwK0E-oNICiPjg,goodnight everyone,goodnight everyone,Positive,0.0015197319444268942,9.864092862699181e-05,0.0001824090286390856,0.0001320679293712601,0.00019056571181863546,0.00015732056635897607,False
UCZqNF9nrrtf_E3KAh8RYFUw,Steve Brunton how do you do ,steve brunton how do you do,Positive,0.0020290077663958073,8.801759395282716e-05,0.0002161906595574692,9.631149441702291e-05,0.00021392405324149877,0.00014921804540790617,False
UC27FZ1wjmuwK0E-oNICiPjg,I'm great but sleepy,im great but sleepy,Positive,0.008210058324038982,0.0001077458291547373,0.0004241988353896886,0.00012361633707769215,0.000379960605641827,0.0002174512919737026,False
UCZqNF9nrrtf_E3KAh8RYFUw,Oh @nite nite lmao,oh nite nite lmao,Positive,0.10566907376050949,0.0002956911630462855,0.004191558342427015,0.0006317791412584484,0.001749525428749621,0.0011443375842645764,False
UC27FZ1wjmuwK0E-oNICiPjg,take it easy,take it easy,Positive,0.0023279916495084763,9.63041529757902e-05,0.0002192722022300586,0.00012525149213615805,0.0002044893626589328,0.00015863530279602855,False
UCntsQOTETk9isNczINzmTUw,good night,good night,Positive,0.0016130558215081692,0.00010613597260089591,0.0001900121569633484,0.00016173985204659402,0.00019407451327424496,0.0001729824289213866,False
UC3Isx2LZ9WwJzWmXmVPHYCg,:saluting_face:,saluting_face,Positive,0.14573803544044495,0.00027685993700288236,0.007543252781033516,0.00035776221193373203,0.005369816906750202,0.0006079105078242719,False
UCZqNF9nrrtf_E3KAh8RYFUw,It’s the only way to take it ,its the only way to take it,Neutral,0.0014703590422868729,9.954893175745383e-05,0.00020673130347859114,0.00010146066779270768,0.0001875014859251678,0.0001480226928833872,False
UChly-TxQEt3ZLR3JMqu8Vzw,make the most of this great chat opportunity...not seeing it fly up screen faster than u can say...wh--------,make the most of this great chat opportunitynot seeing it fly up screen faster than u can saywh,Positive,0.007367314770817757,9.331137698609382e-05,0.00047839825856499374,0.00015265854017343372,0.00037448934745043516,0.00016918669280130416,False
UCZqNF9nrrtf_E3KAh8RYFUw,Well then there’s that other way….,well then theres that other way,Neutral,0.0008151927613653243,0.0001102290625567548,0.00017396628390997648,0.00011578467092476785,0.0001796844881027937,0.00014363355876412243,False
UCntsQOTETk9isNczINzmTUw,yea I enjoy it. nice to be able to have some real conversation sometime,yea i enjoy it nice to be able to have some real conversation sometime,Positive,0.0006841521244496107,0.00011905275459866971,0.00018187309615314007,0.00013598873920273036,0.00017237963038496673,0.00013708601181861013,False
UCZqNF9nrrtf_E3KAh8RYFUw,Yeah it jumped time faster than a kia timing belt,yeah it jumped time faster than a kia timing belt,Negative,0.0019217034569010139,9.303895785706118e-05,0.0002792921441141516,9.503498586127535e-05,0.00021641215425916016,0.00013052872964181006,False
